Sequence,count(*)
YGDTDS,18
MGSGKT,14
SSSSSS,13
LLASLL,12
TATPPG,11
VLAAAT,11
AFSHLA,10
DSGRPI,10
GDSGRPI,10
GGSGSG,10
GTSGSPI,10
GVPGSGKS,10
KRDVKVTPGTKHTEERPKVQVIQAA,10
PGSGKS,10
QVPKLL,10
TNWADE,10
WMTTEDML,10
AAAAAA,9
AIVLGG,9
ARAFSHLA,9
ASAAQRRGR,9
CDQMTGI,9
DAQKLLVGLNQRIVVNGRTQRNTNTM,9
DEAFACH,9
DRRRAL,9
ENPLYA,9
FSVGST,9
GLYGNG,9
GVYPFMWGGA,9
HLPTGTRFKFGAMMKSGMFLTLF,9
ILDIGSAP,9
ISRRCT,9
KRDVKV,9
KVNENPLYA,9
LAAATK,9
LRLRHL,9
LSESAT,9
MTAAASQG,9
MTATPPG,9
NENPLYA,9
PPPLPP,9
RAFSHLA,9
RNTNTM,9
RTALSVV,9
SEHVNVLLTRTE,9
SIAARG,9
VAIVLGG,9
VLETDIASFDKS,9
VLRRLL,9
VNENPLYA,9
VVAIVLGG,9
VWNRVWI,9
ALNTDEE,8
ALSVVTWN,8
ANARAFSHLA,8
AQKLLVGLNQRIV,8
AQVLSE,8
AWDFGS,8
CDQMTGILAT,8
DAQKLLVGLNQRIV,8
DHANARAFSHLA,8
DQMTGI,8
DQRGSGQVVTYALNT,8
DRGWGN,8
EAAAAT,8
EHVNVLLTRTE,8
ELTYLL,8
ETDIAS,8
GDPWIK,8
GDTDSV,8
GERVSF,8
GLNQRIV,8
GTSETR,8
HANARAFSHLA,8
HGAVQY,8
HHGAVQY,8
HHYQQC,8
HKSISRRCT,8
HTLFDMSAEDFDAIIA,8
HVNVLLTRTE,8
IASRVL,8
IHAVGP,8
IRPAIS,8
ISFLLL,8
KLLVGLNQRIV,8
KLSDSK,8
LEDLGVD,8
LKGYLG,8
LLALIA,8
LLTRTE,8
LLVGLNQRIV,8
LNQRIV,8
LNTDEE,8
LRGFKK,8
LSVVTWN,8
LVGLNQRIV,8
LYPNLK,8
NARAFSHLA,8
NDHANARAFSHLA,8
NEREFVNR,8
NMEVKI,8
NPWASQ,8
NVLLTRTE,8
PYFCGGFI,8
QKLLVGLNQRIV,8
RGRLPL,8
RRRRRR,8
RTALSVVTWN,8
SFFLDK,8
SRYQSRKVENMKA,8
SVVTWN,8
TALSVV,8
TALSVVTWN,8
TGVGKT,8
TRKGVYAVR,8
VGLNQRIV,8
VLCGDP,8
VLLTRTE,8
VNVLLTRTE,8
VSSPMS,8
VVNAAN,8
WHHGAVQY,8
YFHRRDLR,8
YLESSV,8
YWIGFDTT,8
YWIGFDTTPFM,8
AAAAVA,7
AIVLGGA,7
ALGGSV,7
ALLNAA,7
ALSESAT,7
ALVASL,7
ARNIGL,7
ARTVDS,7
ASILSI,7
CAAFIGDDNI,7
CGLFGKGS,7
DEEQIL,7
DKELYP,7
DNKLKI,7
DSGTVS,7
EAFACH,7
FAALGG,7
FCQMVS,7
FQALSESAT,7
FTSSKS,7
GFDTTPFM,7
GHLQQKSVRQ,7
GKKENC,7
GNTPLH,7
GPRAIL,7
GRVVAIVLGG,7
GTLLALIA,7
GVLLLNT,7
HEFAYE,7
HFFEHEKR,7
HLPSVFHL,7
HVPYTQ,7
IGFDTT,7
IGVNYD,7
IHAVGPNF,7
IKNKNK,7
IMDEAH,7
IPLLSTG,7
ISLFEI,7
ISLLSL,7
ITDEYDAYLDMVDG,7
IVLGGA,7
KRKHFR,7
KVVLCGDP,7
LCGDPKQCGFFN,7
LGGGTP,7
LGINYL,7
LIEAAFG,7
LILLLL,7
LISGLR,7
LLISMY,7
LLLLLI,7
LNSSAD,7
LNYTLG,7
LPSVFHL,7
LRHLTQ,7
LSDSKI,7
LTCFRGWVKQLQ,7
LTDVLD,7
LVPILE,7
MTAAASQGLTRKGVYAVR,7
NGELLS,7
NINILK,7
NKKSKK,7
NMEVKIIDAV,7
NPRGRA,7
NRRLPH,7
NVCWAK,7
PGTGKS,7
PLLSTG,7
PPFHEFAYE,7
PRRHGKTW,7
PSVFHL,7
PTVASY,7
QCGFFN,7
QDEDRRRAL,7
QILGRS,7
QNTLQNVLAAATKRNCNVTQMRELP,7
RGKKTKL,7
RKKIRT,7
RVVAIVLGG,7
SDSWLK,7
SGKKENC,7
SKYDLE,7
SLKEKE,7
SLKLSD,7
SSLEDL,7
SSLVGI,7
SSSSSSS,7
SVAIPLLSTG,7
SVYGDTDS,7
SWHLPS,7
SWHLPSVFHL,7
TATLED,7
TCRCDT,7
TFTVNI,7
TGKSTT,7
VAIVLGGA,7
VASSLV,7
VCTYVP,7
VHSRVY,7
VKLLLD,7
VKVLLG,7
VLAPTRVV,7
VLYSEN,7
VVAIVLGGA,7
VVLCGDP,7
WHLPSVFHL,7
WIGFDTT,7
WVKQLQ,7
YADDTAGWDT,7
YADDTAGWDTRIT,7
YNMMGKREKK,7
YNWHHGAVQY,7
AAALFA,6
AAVAAA,6
AIPLLSTG,6
AIVLGGANEG,6
AKGSRAIWYMWLG,6
AMTPERV,6
AYGDDV,6
CDIGES,6
CFRGWVKQLQ,6
CGDPKQCGFFN,6
DAQKLLVGLNQRIVVNGRTQRNTNTMKNYLLP,6
DEKLNL,6
DFDAII,6
DGRLGA,6
DHMNEI,6
DIFILD,6
DIGSAP,6
DLGCGRGGWSYY,6
DLLNFM,6
DLPVWL,6
DLRRRF,6
DMKRDVKVTPGTKHTEERPKVQVIQAAEPLATAYLCGIHRELVRRL,6
DPKQCGFFN,6
DPRFVE,6
DQMTGILAT,6
DQRGSGQV,6
DRGWGNGCGLFGKGS,6
DTTPFM,6
EEKVNT,6
EKLNLS,6
EREFVNR,6
ERGAWM,6
EVMTAAASQGLTR,6
EYDAYLDMVDG,6
FCPAKLR,6
FDTTPFM,6
FEDAIK,6
FHLKGK,6
FINNKRC,6
FITVNI,6
FKYFIN,6
FRGWVKQLQ,6
FSVGSTLY,6
GCWYGMEIRP,6
GDPKQCGFFN,6
GFGSTG,6
GGANEG,6
GGSSSG,6
GLAFSV,6
GRFTIP,6
GVYAVR,6
GWVKQLQ,6
GYAVTH,6
HPYRTW,6
ICDQMTGI,6
IDSFNI,6
IELIAF,6
IESVNA,6
ILFMGK,6
INNQLL,6
IPFNMK,6
IVDVMCHAT,6
IVIDEAG,6
IVLGGANEG,6
IYCRDK,6
KELENE,6
KGIDFK,6
KGVYAVR,6
KLKGPKAAALFAKTHNL,6
KQCGFFN,6
KQLQIDY,6
KRGGNE,6
KSLLYK,6
KVSILH,6
LAAAAA,6
LCDIGES,6
LDAVLD,6
LDDIVK,6
LDIGSAP,6
LDNITT,6
LEDLSH,6
LEDNVM,6
LELGLS,6
LGGANEG,6
LKYAIS,6
LNTFTN,6
LPFDIK,6
LSKALE,6
LSKLIS,6
LTKLKE,6
LTSVDI,6
LVWKTL,6
LYDFDY,6
LYVDEAFACH,6
MAMTDTT,6
MEIRPV,6
MTGILAT,6
MTPERV,6
NFNNSS,6
NIGLCS,6
NIVNSV,6
NNQLLL,6
NQRIVV,6
NSIGFL,6
PCCYEK,6
PKQCGFFN,6
PNDHANARAFSHLA,6
PPKDHIV,6
PPPPPP,6
PPPPPPP,6
PPSYEE,6
PVPAPR,6
QLQIDY,6
QMTGILAT,6
QNTLQNVL,6
QSLNHL,6
QVTPNDHANARAFSHLA,6
REFVNR,6
RGWVKQLQ,6
RKGVYAVR,6
RSNFSLT,6
RTALSVVTW,6
SAVPSPFQNTLQNVLAAATKRNCNVTQMRELPT,6
SGTRAV,6
SISKNA,6
SPLPSL,6
SRNSTHEMY,6
SSDFGG,6
SSSSSA,6
SVIRLL,6
SYLEGT,6
TCFRGWVKQLQ,6
TGILAT,6
TICDQMTGI,6
TLPTTT,6
TNPVRA,6
TPNDHANARAFSHLA,6
TSEHVNVLLTRTE,6
TTDISEMGAN,6
TTDISEMGANF,6
TVPCLCRYAMT,6
VAIPLLSTG,6
VAIVLGGANEG,6
VALREE,6
VAVYQDVYA,6
VCTYVPAT,6
VCVGSPTQT,6
VDEAFACH,6
VENMKA,6
VFHLKGK,6
VIHAVGP,6
VINSNI,6
VKLSSY,6
VKQLQIDY,6
VLGGANEG,6
VPGSGKS,6
VSCEGYVVK,6
VSEVLL,6
VSGDDCVV,6
VSSLSE,6
VTPNDHANARAFSHLA,6
VVAIVLGGANEG,6
VYNEREF,6
WCGSLIG,6
WVKQLQIDY,6
YGDTDSV,6
YGYADR,6
YIDISD,6
YNEREF,6
YQDVYA,6
YVDEAFACH,6
AAAAAE,5
AAAAAS,5
AAAAAT,5
AAAAAV,5
AAAADL,5
AAASAA,5
AAASQGLTRKGVYAVR,5
AAASQGLTRKGVYAVRQKVNENPLYA,5
AASAGR,5
AASLRF,5
AASQGLTRKGVYAVR,5
AASQGLTRKGVYAVRQKVNENPLYA,5
ADLSAR,5
AFIGDDNI,5
AFVERL,5
AGAYIFSS,5
AGCAPSY,5
AGLKIEE,5
AHLLEH,5
AICSAVPV,5
AIILVI,5
AITVLT,5
AKGSRAIW,5
ALLNAALH,5
ALRGLP,5
ALTALM,5
AMTDTT,5
AMTDTTPFGQQRVFKEKVDT,5
APARRM,5
AQLDAV,5
ARNIGLC,5
ARRARR,5
ASCVLK,5
ASKLGL,5
ASLRQI,5
ASQGLTRKGVYAVR,5
ASQGLTRKGVYAVRQKVNENPLYA,5
AVGPNF,5
AVIEYD,5
AVRQKVNENPLYA,5
AVVNAAN,5
AWDFGSVGGV,5
AYWIGFDTTPFM,5
CALCKK,5
CDQMTGILATDV,5
CEGYVVKKIT,5
CGDLIC,5
CGLFGKGSI,5
CIPCCFL,5
CKVTDT,5
CLCSFH,5
CLTPYAL,5
CNVSDC,5
CSLAVE,5
CTKEEF,5
CVCPMRS,5
CVYNMMGKREKK,5
CYKLGD,5
CYSRPL,5
DDDDDD,5
DDDDDDD,5
DDEYDED,5
DEEEEE,5
DEYLST,5
DFLDVK,5
DHAMKLQML,5
DIGSAPARRM,5
DIISSK,5
DIYFTP,5
DKATVRCRG,5
DKKNNV,5
DLIKVL,5
DNIPEL,5
DNSSCHFFSK,5
DPLKRLFKLGKPL,5
DYGISS,5
EDPNYV,5
EEEEED,5
EEEEEE,5
EEMLTE,5
EFEAVY,5
EGRKRG,5
EGYVVKKIT,5
EHFFLR,5
EHLVVE,5
EIVNLL,5
EKFTQQALSSFHTTEKSGA,5
EKITTWPKFR,5
EKLDSYKLD,5
EKSYLL,5
ELAIKL,5
ELGSGN,5
ELIKNI,5
ELSFIGYMVKN,5
ELVLTD,5
EMLLNV,5
ERALYL,5
ESLHRV,5
ESNVTI,5
ESRKLL,5
ETYSLP,5
EVMTAAASQGLTRKGVYAVRQKVNENPLYA,5
FAEFLN,5
FAYLCRHIGIP,5
FDKSED,5
FGDIQSRT,5
FGKDDV,5
FGKGSI,5
FGNLSP,5
FGQQRVFK,5
FGQQRVFKEKVDTKA,5
FHEFAYE,5
FINYDD,5
FISSTN,5
FKFGAMMKSGMFLTLF,5
FKRQII,5
FLADKKMTL,5
FLFNKLS,5
FLTATPR,5
FNNLTN,5
FNVECF,5
FQQKDKRF,5
FSHLAT,5
FSSVSP,5
FYPIND,5
GAGGGG,5
GEAAAIFMTATPPG,5
GEFGKAKGSRAIW,5
GEMERDC,5
GERVSFP,5
GERVSFPVCTY,5
GETKSHA,5
GGDAAV,5
GGGAGA,5
GGGLVR,5
GGGVSV,5
GGRGRR,5
GIKNLK,5
GKIVYG,5
GLKTGMYY,5
GLTRKGVYAVR,5
GLTRKGVYAVRQKVNENPLYA,5
GLYGNGV,5
GNLLLL,5
GPDMVSV,5
GQDPYH,5
GRKGYST,5
GRVLPY,5
GRVVAIVLGGA,5
GRVVAIVLGGANEG,5
GSAPARRM,5
GSGKTI,5
GSSIGK,5
GSTIVD,5
GVGKTSQVPKLL,5
GVLLLN,5
GVYAVRQKVNENPLYA,5
GWTRLF,5
GYAVTHH,5
GYVVKKIT,5
HAVGPNF,5
HCVCPMRS,5
HDACLC,5
HFIKKD,5
HLPTGTRFKFGAMMKSGMFLTLFVNT,5
HPAARD,5
HPDKGG,5
HPSPLS,5
HSNTIL,5
HSQRFIFNI,5
HTVGVY,5
HVKGTID,5
IALLFA,5
IDFLKD,5
IDRLED,5
IEDTII,5
IFGRQPSLHR,5
IFNIIS,5
IFSAYT,5
IGFDTTPFM,5
IGGVFINKQS,5
IGILLL,5
IGSAPARRM,5
IIDTNY,5
IIELQS,5
IILFIL,5
IILVII,5
IKELEN,5
IKKMED,5
IKSVLD,5
ILAIIF,5
ILDDKS,5
ILDIGSAPARRM,5
ILHGQL,5
ILLGNH,5
ILPHQLAT,5
ILRGLV,5
ILRYLL,5
IMDEAHF,5
INKLIE,5
INNTIA,5
IPESII,5
IPLAAL,5
IQTTVNT,5
IRGGAS,5
IRPAISFWID,5
IRSAVPS,5
IRSAVPSP,5
ISEINE,5
ISIILAK,5
IVIFVK,5
IVKLLI,5
IVLNSS,5
IVNNEF,5
IVNSVL,5
IVVDIN,5
IVVPCR,5
IYGKTP,5
KADAVV,5
KALSKL,5
KDIDVD,5
KDRILS,5
KECGIC,5
KELENEYYFRNEV,5
KELVLT,5
KETNRA,5
KFNNIFRTNL,5
KGVYAVRQKVNENPLYA,5
KIFVNP,5
KKIIGE,5
KKKGLI,5
KKLFSE,5
KKYIYI,5
KLGFNEF,5
KLPTLFG,5
KLRVLY,5
KLSTQIEP,5
KMITTS,5
KNNSNQL,5
KNYYRK,5
KPQTVK,5
KSISRRCT,5
KSLKDV,5
KSYVFNF,5
KTFAIVTSKMK,5
KTFITVN,5
KTILVR,5
KTINYSFFLDKIF,5
KVLITTMDGD,5
KVRKDI,5
KVRSNAA,5
KVVLCGDPKQCGFFN,5
KVVLCGDPKQCGFFNMM,5
KYIYIA,5
KYNSLV,5
KYSKEL,5
LAARIA,5
LAELLE,5
LAFRFM,5
LAKKYI,5
LAPTRVV,5
LASDLA,5
LDIGSAPARRM,5
LEDLGVDQ,5
LELLLE,5
LELLRR,5
LEQNPK,5
LFESLR,5
LFFNTL,5
LFGSYI,5
LFNNLA,5
LGDTAWDFGS,5
LGSQEGA,5
LGTYGQQR,5
LGVRER,5
LHPISFL,5
LHRCIY,5
LIDYET,5
LIEAAFGEI,5
LIEQCH,5
LIRPKI,5
LISLLS,5
LKGPKAAALFAKT,5
LKGSSG,5
LKPTKKL,5
LKSLLL,5
LLAALA,5
LLDLIE,5
LLFALV,5
LLIYLV,5
LLLLIQ,5
LLSGKF,5
LLSKKL,5
LLSTGI,5
LMILEDLGVD,5
LMILEDLGVDQ,5
LMKIIH,5
LMTATLEDDR,5
LNKLRG,5
LNLSPL,5
LNREAL,5
LPILLL,5
LPPPPP,5
LRRHNK,5
LRYLLF,5
LSKVNNF,5
LSNLTNLN,5
LSRVDL,5
LSVTLE,5
LTCFRGW,5
LTCFRGWVKQLQIDY,5
LTPYAL,5
LTRKGVYAVR,5
LTRKGVYAVRQKVNENPLYA,5
LTTLSS,5
LVAEHR,5
LVFFCQE,5
LVRVHP,5
LYFDGF,5
LYGGPKM,5
MASLEEKG,5
MGAAASIQTTV,5
MGIKNLK,5
MLSNGYSE,5
MLVARSQSTDIVCETSRTGTLARK,5
MTAAASQGLTRKGVYAVRQKVNENPLYA,5
MTNFSM,5
NDHANARAFSH,5
NEIITL,5
NEREFVNRKL,5
NFEFVCLGEL,5
NFLPHM,5
NGCDFFPGL,5
NHKNRGT,5
NIGVIL,5
NINVIN,5
NIVLFI,5
NKLRGFKKRV,5
NLIMQSKKKYTT,5
NLKTLL,5
NMLKRG,5
NNNNGTI,5
NNQGQE,5
NQILGR,5
NRSRYQSRKVENMKA,5
NSNINI,5
NSNINV,5
NVTEEY,5
NWHHGAVQY,5
NYAYGWIPETA,5
NYNGLS,5
NYSNYL,5
PAAPRA,5
PERPIV,5
PFHEFAYE,5
PFLLLS,5
PFNIDP,5
PHELTLD,5
PIDDRF,5
PLLIGYGNKN,5
PLLSTGI,5
PLQEVPMDRF,5
PLVIDY,5
PNLITPR,5
PPPPLP,5
PPPPPR,5
PPRRRR,5
PQTVKNY,5
PRAILGCAQAKQAISCLS,5
PSETFP,5
PSPPPP,5
PSTEDL,5
PTSLYHQA,5
PVNVYL,5
QALSESAT,5
QDVYAV,5
QGLTRKGVYAVR,5
QGLTRKGVYAVRQKVNENPLYA,5
QGSDDI,5
QKVNENPLYA,5
QPYQKI,5
QRKGRVGRV,5
QSLNHLF,5
QSLNHLFTA,5
QVEIPLENFNN,5
QVKISKMF,5
RALGLS,5
RASGTG,5
RDLREL,5
RETACL,5
REYSMTE,5
RFLEFEALGFLN,5
RFLEFEALGFLNEDHW,5
RFSKKYL,5
RHILLT,5
RIPVDL,5
RKGVYAVRQKVNENPLYA,5
RLIAFA,5
RLNQLTR,5
RNIGLC,5
RNPYEN,5
RNSTHEMY,5
RPDWSEID,5
RPVPAPR,5
RQKVNENPLYA,5
RRLAAA,5
RSIRKF,5
RTHPHYSWMQ,5
RTIFNFH,5
RTRGPLG,5
RTTWSIH,5
RTTWSIHA,5
RVERVQ,5
RVGTVV,5
RVPNYN,5
RVVAIVLGGA,5
RYPDRDS,5
SAAAAA,5
SAAQRR,5
SADADA,5
SAPARRM,5
SCEGYVVKKIT,5
SDEYLS,5
SDINTL,5
SDSDSD,5
SDVPERGPQVGL,5
SFLPIIFD,5
SFRILR,5
SFWFLKS,5
SGGVMA,5
SGSSSS,5
SGTGLD,5
SIFDDV,5
SIILSG,5
SILHPI,5
SISRRCT,5
SKALETSKIA,5
SKIKFFKGKKLNIVA,5
SLEDLS,5
SLFATI,5
SLIPRL,5
SLLPLV,5
SLVSLL,5
SMQYTYKI,5
SNLCTEI,5
SNNKYV,5
SPITNTP,5
SPLSVED,5
SPRRRRS,5
SQGLTRKGVYAVR,5
SQGLTRKGVYAVRQKVNENPLYA,5
SQLSVL,5
SRTLED,5
SRYQSRKVEN,5
SSILQT,5
SSSSAS,5
SSSSDE,5
SSSSSD,5
SSSSSSA,5
SSYDDY,5
STNWADE,5
STTSFYSLN,5
STVALA,5
SVGSTLY,5
SVLLFHIMGSGKT,5
SYIVVG,5
TAAAAA,5
TAAASQGLTRKGVYAVR,5
TAAASQGLTRKGVYAVRQKVNENPLYA,5
TAALNIQT,5
TDIASV,5
TGLSAS,5
THEKPEG,5
THVSKVF,5
TINKIL,5
TIVSCEGYV,5
TKSKIL,5
TLARKI,5
TLELLL,5
TLGLLL,5
TLSLVDE,5
TNCNGYVV,5
TNWADEQVL,5
TPADKS,5
TQMNARG,5
TRKGVYAVRQKVNENPLYA,5
TSGAPR,5
TSLSVY,5
TTTEYL,5
TVDEDL,5
TVFQVFNE,5
TYFSNT,5
VAANEMG,5
VASAVA,5
VATAAV,5
VCPMRS,5
VCSSFPLPKY,5
VCVGSPTQ,5
VDEANFI,5
VDGKIL,5
VFCSELPDFAC,5
VFETRI,5
VFLVPRRHGKTWF,5
VFNLPV,5
VFTGVYPFMWGGAYCFCD,5
VGHTPSIS,5
VGSTLY,5
VIHAVGPNFS,5
VIIDEC,5
VISLLS,5
VKGTID,5
VKIPTH,5
VKSKLL,5
VLAPTRVVA,5
VLCGDPKQCGFFN,5
VLCGDPKQCGFFNMM,5
VLETDIASFDKSQDD,5
VLETDIASFDKSQDDS,5
VLPFDIK,5
VLTSVD,5
VLVALV,5
VMTAAASQGLTRKGVYAVRQKVNENPLYA,5
VPDSIP,5
VPFCSHHFH,5
VRQKVNENPLYA,5
VSCEGYV,5
VSCEGYVVKKIT,5
VSSFLK,5
VSTLFY,5
VTKSDA,5
VVDGYGQ,5
VVDLGCGRGGWSYYAA,5
VVKKIT,5
VYAVRQKVNENPLYA,5
VYNEREFVNR,5
VYTSIMP,5
WFNYLFGGF,5
WIGFDTTPFM,5
YAMTPERV,5
YAVRQKVNENPLYA,5
YDGRVL,5
YEPESVNKFKF,5
YFHRRDLRL,5
YFSEFSEEVS,5
YGVETK,5
YHCVCPMRS,5
YHPSQY,5
YIKTPFD,5
YIRNTLT,5
YKRPDTQ,5
YLLAAV,5
YNMLDD,5
YNSIIE,5
YQDVYAV,5
YRPLHFQY,5
YSTNWADE,5
YVVKKIT,5
YYIKNI,5
YYLRLRHLT,5
